StudentID;New Student ID;Name;Gender;AttendanceRate;StudyHoursPerWeek;PreviousGrade;ExtracurricularActivities;ParentalSupport;FinalGrade;Study Hours;Attendance (%);Online Classes Taken
1;1;John;Male;85;15;78;1;High;80;4.8;59;FALSE
2;2;Sarah;Female;90;20;85;2;Medium;87;2.2;70;TRUE
3;3;Alex;Male;78;10;65;0;Low;68;4.6;92;FALSE
4;4;Michael;Male;92;25;90;3;High;92;2.9;96;FALSE
5;5;Emma;Female;88;18;82;2;Medium;85;4.1;97;TRUE
7;7;Daniel;Male;70;8;60;0;Low;62;4.5;96;FALSE
8;8;Sophia;Female;88;17;77;1;Medium;78;1;70;TRUE
9;9;James;Male;82;12;70;2;Low;72;3.6;50;FALSE
10;10;Isabella;Female;91;22;86;3;High;88;2.9;59;TRUE
2824;11;Shannon Harrison;Male;88;25;90;0;High;87;3.4;84;TRUE
7912;12;Peter Davila;Male;85;20;78;3;Low;88;0.1;62;FALSE
4611;13;Katherine Gray;Female;91;18;78;0;Low;62;1.7;59;TRUE
6514;14;Megan Miller;Male;90;8;85;1;Medium;88;1.3;52;FALSE
;15;James Williams;Male;70;20;70;2;Low;88;4.4;73;TRUE
2139;16;Derrick Alexander;Male;88;18;85;3;High;62;1.4;90;FALSE
;17;Courtney Clark;Male;95;25;82;2;Low;68;2.7;65;TRUE
8573;18;James Smith;Female;88;12;90;1;High;92;4.1;70;FALSE
5386;19;James Reynolds;Male;92;22;88;3;Low;78;2;91;FALSE
3340;20;Brittany Sutton;Female;78;25;70;2;Medium;88;2.1;87;FALSE
6930;21;Annette Medina;Male;78;12;77;2;High;87;0.8;60;FALSE
2040;22;James Duncan;Female;70;22;77;2;Medium;72;4.3;50;TRUE
9797;23;Donna Taylor;Female;95;20;82;0;High;78;0;96;FALSE
9837;25;Susan Brown;Male;91;30;77;1;High;90;4.4;69;TRUE
1949;26;Jessica Ortega;Male;91;20;78;1;High;72;3.8;58;FALSE
3705;27;Jeremy Hall;Female;88;18;60;3;Low;92;3.6;75;FALSE
8177;28;Peter Jones;Female;90;25;90;2;Medium;80;2.9;64;TRUE
1117;29;Michael Sampson;Male;85;25;78;1;Medium;87;2.6;67;FALSE
4510;30;Daniel Erickson;Male;91;22;77;3;Medium;62;1;56;FALSE
4139;32;Benjamin Vance;Male;82;17;65;0;High;85;2.3;54;FALSE
1960;34;Kristina Douglas;Female;88;15;60;2;Medium;85;2.1;96;FALSE
3536;35;Scott Davidson;Male;88;25;78;3;Low;72;0.3;70;FALSE
1821;36;Alexandra Harrington;Female;82;12;65;1;Low;87;4.3;54;TRUE
4853;37;Richard Johnson;Female;90;22;90;3;Low;80;3.1;76;FALSE
;38;Christopher Chapman;Male;95;25;82;0;High;85;2.3;98;TRUE
1152;39;Jerry Browning;Female;91;22;85;2;Low;92;2.5;58;FALSE
2127;40;Carrie Page;Male;95;18;65;1;Low;85;3.1;91;TRUE
5905;41;Michelle Benjamin;Male;78;18;85;2;Low;72;0.8;68;TRUE
6617;42;James Woods;Male;88;12;77;2;High;87;3.2;67;TRUE
1058;43;Angela Dunn;Female;78;18;65;1;Low;62;2.8;57;TRUE
3442;44;Nathan Riley;Male;95;22;70;0;Medium;68;0.2;73;TRUE
6862;45;Shelby Mahoney;Male;92;20;88;2;Medium;88;3.7;65;TRUE
3900;46;Andrea Frey;Female;85;10;88;0;Low;92;1.3;100;TRUE
7267;47;Justin Martin;Male;85;25;90;1;Medium;85;4.1;64;TRUE
1387;48;Mark Hartman;Male;70;30;82;2;Medium;90;3.2;75;FALSE
1452;49;Antonio Hansen;Male;88;10;86;2;High;87;3;72;FALSE
8149;50;Lynn Anderson;Male;70;22;90;2;High;62;0;84;TRUE
6967;51;Michael Cooley;Female;90;30;86;1;Low;87;3.6;69;FALSE
7691;52;Mitchell Sanders;Female;70;18;70;0;High;62;3.3;74;TRUE
5930;53;Maria Cross;Female;82;18;82;0;High;62;3.9;88;FALSE
8618;54;Lisa Castillo;Female;85;25;70;1;Low;68;3.3;68;FALSE
2530;55;Theresa Rodriguez;Male;88;25;90;0;High;80;1.2;80;TRUE
8461;56;Kimberly Wood;Female;91;25;60;1;Medium;92;0.7;94;TRUE
2746;57;Patricia Cox;Female;92;10;70;1;High;72;1.2;57;FALSE
3184;58;Kimberly Blair;Female;82;12;86;1;Medium;88;4.1;82;FALSE
9976;59;Jason Ramirez;Female;78;17;77;2;High;85;3.8;83;FALSE
4919;60;Gail Dudley;Female;85;20;82;3;Medium;90;1.6;84;TRUE
3267;61;John West;Male;92;8;65;3;High;62;2;84;FALSE
7812;62;Patricia Carr;Male;92;8;60;3;Low;80;4.3;98;FALSE
8814;63;David Nunez;Male;95;18;60;0;Low;72;4;64;FALSE
4595;64;Collin Peterson;Female;70;17;78;0;Medium;62;3.6;79;TRUE
9751;65;Rebecca Smith;Male;70;22;86;1;High;62;0.7;79;TRUE
1823;66;Lisa Benjamin;Female;70;30;90;1;Medium;90;3.8;;FALSE
7906;67;Desiree Reyes;Female;90;17;78;2;High;90;1.1;54;TRUE
1508;68;Megan Diaz;Male;92;15;86;0;High;68;2.4;57;TRUE
8619;69;Joseph Adams;Female;95;10;86;3;Low;87;3.9;60;FALSE
2771;70;Sharon Watson;Male;88;22;60;0;Low;92;0.4;94;TRUE
2669;71;Tiffany Smith;Female;91;20;86;1;Medium;72;2.1;73;TRUE
9289;72;Alexander Preston;Female;85;8;77;2;Medium;90;3.2;79;TRUE
8135;73;Randall Hickman;Male;82;18;86;2;Medium;78;2.2;96;FALSE
6280;74;David Hernandez;Male;90;18;77;3;Medium;88;3.1;74;FALSE
1470;75;Michelle Jones;Female;95;10;77;3;Medium;85;Missing;100;FALSE
1166;76;Tonya Gonzalez;Male;90;25;60;1;Low;92;3.5;91;FALSE
8342;77;Sarah Johnson;Male;90;18;90;0;Low;92;1.5;87;FALSE
8753;78;Grace Valencia;Female;70;12;88;1;Low;78;1.4;66;TRUE
2976;79;Sarah Young;Male;95;20;70;0;High;92;3.7;67;FALSE
2647;80;Gerald Weber;Male;88;25;88;0;Medium;80;3.5;58;FALSE
1745;81;Gregory Turner;Male;82;18;78;1;High;80;2.9;80;FALSE
8216;82;Laura Cortez;Female;78;15;82;1;High;87;2;54;TRUE
3485;83;Lori Miller;Male;91;18;85;3;High;72;3.8;88;TRUE
9561;84;Lori Gomez PhD;Female;85;17;82;3;Medium;85;2.8;53;TRUE
4404;85;Dawn Foster;Male;88;20;65;0;High;72;0.4;50;FALSE
4824;87;Maria Carter;Female;91;25;60;2;Low;92;3.2;67;TRUE
2169;88;Daniel Hood;Male;78;18;86;3;Medium;78;0.6;94;FALSE
7594;89;Amanda Hernandez;Female;82;12;77;1;High;88;0.2;77;FALSE
5102;90;Alyssa Schmidt;Female;90;25;86;3;High;85;2.9;98;TRUE
8708;91;Taylor Merritt DVM;Female;88;10;86;0;Low;78;4.8;80;FALSE
7690;92;Alyssa Smith;Female;95;20;65;1;Medium;78;1.4;75;TRUE
8451;93;Nathan Navarro;Male;95;18;88;2;Medium;72;4.1;50;FALSE
7770;94;Lisa Zimmerman;Male;92;12;88;3;Medium;78;3.8;63;FALSE
9998;95;Jeffrey Howard;Male;88;17;77;2;High;88;;95;TRUE
6091;96;Morgan Bell;Male;82;18;85;0;High;78;4.7;91;TRUE
9165;97;Angelica Steele;Female;82;18;60;1;Medium;92;2.3;59;FALSE
4122;98;Gregory Daniels;Male;90;18;60;1;Low;85;4.1;68;FALSE
9022;99;Eric Davis;Male;85;12;77;1;Medium;72;3.8;74;FALSE
;100;Natalie Kelley;Male;92;22;60;3;Medium;80;1.6;80;FALSE
7325;101;Ruth Davis;Male;85;15;65;2;Low;90;4.3;78;TRUE
9617;102;Emily Torres;Female;85;18;60;0;High;78;3.9;66;FALSE
7512;103;Nancy Davis;Female;95;12;60;1;Low;78;4.4;52;TRUE
4846;104;Amanda Bowers;Female;92;20;60;0;Low;87;2.2;94;FALSE
1474;105;Alison Lang;Male;95;15;82;1;Medium;62;0.7;83;FALSE
3950;106;Matthew Massey;Male;78;20;86;0;Low;92;2.5;;TRUE
4804;107;James Anderson;Male;88;17;82;1;Medium;85;3.4;60;TRUE
8237;108;Robert Howard;male;91;18;60;2;Medium;85;1;74;FALSE
2747;109;Rebecca Brown;Male;70;22;88;3;Medium;85;0.1;92;FALSE
5497;110;Kimberly Harrison;Male;91;15;86;0;Medium;92;3;72;TRUE
4115;111;Derek Parks;Female;78;20;78;2;Medium;80;2.9;;TRUE
2476;112;Jennifer Baker;Female;95;8;65;3;High;72;4.4;73;FALSE
3695;113;Diana Schultz;Female;85;18;88;2;Medium;87;0.7;64;FALSE
6992;114;Mrs. Jill Long;Male;70;15;82;0;High;78;1.8;97;FALSE
7242;115;Heather Johnson;Female;90;25;77;1;Low;72;1.6;89;TRUE
2035;116;Robert Lowery;Female;88;8;85;0;High;80;1.5;81;TRUE
6942;118;Brent Burns;Male;95;12;88;1;Medium;85;0.9;57;FALSE
2501;119;Melissa Barber;Male;91;15;78;1;High;68;3.9;63;TRUE
9850;121;Christopher Baxter;Female;78;18;78;0;High;90;3.9;65;FALSE
1258;122;Courtney Haas;Male;88;15;65;0;Low;87;3.7;80;FALSE
6931;123;Sarah Ross;Male;85;12;90;3;High;72;1.5;91;TRUE
3430;125;Jessica Lamb;Male;78;18;86;0;Low;90;Missing;100;FALSE
8433;126;Jaime Nguyen;Female;90;20;70;3;Medium;78;4.4;76;FALSE
;127;Tina Chavez;Female;70;20;88;0;Medium;85;1.9;59;FALSE
2099;128;Christina Thompson;Male;90;20;60;2;Low;90;4.1;85;TRUE
6400;129;Shari Harrell;Male;70;18;60;1;Medium;88;1.6;56;TRUE
3535;130;Tracy Gibbs;Female;92;20;88;2;Medium;87;3.8;86;TRUE
8030;131;David Hoffman;Male;91;18;78;0;Medium;85;4.6;72;TRUE
3972;132;Robert Davis;Male;91;8;85;0;Low;80;0.5;83;TRUE
7163;133;Patricia Greer;Female;85;30;78;1;Medium;90;3.9;86;TRUE
1861;134;James Stewart;Male;78;22;78;2;Medium;78;3.3;81;FALSE
7785;135;Brent Mendoza;Female;92;12;85;1;Medium;87;1.4;93;FALSE
9633;136;Dawn Taylor;Female;85;25;60;3;High;80;1;63;TRUE
5186;137;Larry Brown;Female;95;20;78;1;Low;62;0.9;74;TRUE
9196;138;Miss Teresa Hernandez MD;Female;90;8;78;0;High;78;4.6;70;FALSE
7626;139;Edward Baker;Female;88;20;60;1;Medium;68;4;89;FALSE
6928;140;Diana Gould;Male;70;20;90;0;Low;62;2.6;75;FALSE
6752;142;Paul Hull;Male;92;20;65;2;High;68;3;98;TRUE
3902;143;Allison Hamilton;Female;85;22;86;1;Low;88;3.2;89;FALSE
6179;144;John King;Male;85;20;77;1;Low;85;4;87;TRUE
6766;145;Tristan Avila;Male;88;17;77;0;High;90;4.2;54;TRUE
9307;146;Connie Cooper;Female;85;22;70;1;Medium;88;3.3;70;FALSE
9214;147;Judith Santos;Male;85;17;85;0;Low;87;2.5;61;TRUE
5059;148;Michaela Powell;Female;85;12;70;3;High;90;Missing;100;FALSE
7697;149;Lawrence Roberts;Female;91;15;88;2;Medium;87;2.8;74;FALSE
5128;150;Nicholas Robinson DDS;Male;95;20;86;0;Medium;85;4.8;94;FALSE
3112;151;Jill Smith;Male;88;12;60;1;High;72;0.5;92;FALSE
9331;152;Michael Burns;Female;85;30;82;0;High;90;4.7;81;TRUE
4711;153;Adam Weaver;Male;78;20;82;2;Low;72;4.2;83;TRUE
6517;154;Melvin Mcgee;Male;91;8;65;0;High;88;4;60;FALSE
1715;155;William Banks;Female;95;25;77;3;Medium;78;1.2;65;FALSE
4271;157;Frank Dawson;Male;88;15;77;1;Low;87;3.6;83;TRUE
5670;158;Gregory Davila;Male;78;18;77;2;High;62;0.5;64;FALSE
6727;159;Rebekah Finley;Male;70;15;60;2;Medium;92;1.9;55;FALSE
4678;160;Robert Martinez;Male;95;20;88;0;High;80;1.4;80;TRUE
8685;161;Steven Crawford;Male;91;15;85;1;Medium;92;4.2;85;FALSE
2029;163;George Cannon;Male;85;22;70;1;Low;72;2.9;95;TRUE
5772;164;Adam Carlson;Female;85;22;88;3;High;62;0.9;92;TRUE
9576;165;Stephanie Lawrence;Female;90;12;70;2;Low;72;0.1;80;TRUE
6447;166;Adam Blackwell;Male;85;30;70;1;Low;68;4.2;93;FALSE
8840;167;Andrew Owens;Male;78;20;77;1;Medium;92;0.2;62;TRUE
6170;168;John Sexton;Female;82;8;70;1;Medium;80;3.8;;FALSE
;169;Jasmine Williams;Male;95;18;85;1;Medium;62;3.7;74;FALSE
4060;170;Leon Nguyen;Female;85;30;70;2;High;62;0.4;88;TRUE
9937;171;John White;Female;95;20;85;1;Low;85;1.5;88;FALSE
3730;172;Justin Martinez;Female;95;17;78;1;Low;62;1.4;100;TRUE
2229;173;Nathaniel Kemp;Female;88;12;65;1;High;88;3.4;78;TRUE
3068;174;Jacob Murray;Male;92;30;88;0;Low;80;3;93;FALSE
7077;175;Anthony Green;Female;85;20;86;0;Low;90;2;91;FALSE
5089;176;Trevor Freeman;Male;85;18;77;2;Medium;72;;99;FALSE
8311;177;Michael Smith;Male;91;18;77;3;High;68;4.3;78;TRUE
8292;178;William Hogan;Male;95;30;85;2;Low;85;4.5;60;TRUE
2208;179;Joshua Juarez;Male;95;20;77;1;High;72;1.7;99;TRUE
3114;180;Keith Wu;Female;82;15;85;2;High;85;0.8;70;TRUE
6669;181;Ryan Williams;Female;90;18;90;0;High;68;3.1;89;FALSE
9234;182;Ronald Stewart;Male;91;22;65;0;Low;88;3.6;88;FALSE
1674;183;Ronald Schmidt;Male;90;15;86;2;Low;92;3.8;76;TRUE
9159;184;Courtney Bradley;Female;88;17;90;0;Medium;78;0.4;53;TRUE
8202;185;Deanna Gonzalez;Female;85;17;90;1;Low;68;1.6;95;FALSE
6658;186;Darrell Adams;Female;78;30;70;2;High;90;1.2;57;FALSE
8366;187;Michael Mata;Male;78;20;78;2;Medium;88;2.1;60;FALSE
6123;188;Anthony Dunn;Male;78;17;78;1;Medium;85;2.5;55;FALSE
;189;Jonathan Hodges;Female;92;25;86;1;High;80;1.4;88;FALSE
5681;190;Jill Williams;Male;90;8;65;2;Low;90;3.8;73;TRUE
7563;191;Julia Russell;Male;91;12;90;1;Low;85;0.4;82;FALSE
;192;Shirley Jackson;Male;78;20;60;1;Medium;72;4.7;98;TRUE
4261;193;Tonya Thompson;Female;82;15;78;1;High;90;4;83;FALSE
9311;195;Joseph Davis;Female;91;18;78;1;Medium;90;3.4;76;FALSE
1436;196;Elizabeth Andersen;Female;88;22;86;3;Low;80;2.9;60;FALSE
3421;197;Jeffrey Meyers;Female;85;22;85;3;High;78;1.6;59;FALSE
4340;198;Christopher Jones;Female;82;22;77;1;Low;68;2.6;85;FALSE
8837;199;Aimee Rogers;Female;95;10;77;2;Medium;72;;99;FALSE
8932;200;Alexis Bates;Male;92;18;70;2;High;85;3.9;95;TRUE
9011;201;Michael Evans;Female;85;30;70;2;Medium;87;;;FALSE
7464;202;Omar Gonzalez;Female;78;18;78;2;Low;87;1.7;78;FALSE
8849;203;Melissa Perry;Male;92;12;82;2;Low;85;0.7;89;TRUE
4972;204;Dawn Torres;Male;82;25;90;1;High;62;1.7;80;TRUE
3252;205;Timothy Dean;Male;82;18;60;1;Medium;92;3.8;68;FALSE
5676;206;Anna Rollins MD;Male;90;22;90;2;Low;80;4.6;61;FALSE
3880;207;Timothy Barrera;Male;70;17;65;2;High;80;1.5;;TRUE
6489;208;Susan Morris;Female;85;12;70;1;High;72;2.3;62;TRUE
6417;209;Gordon Merritt;Male;85;18;65;0;Low;90;4;86;TRUE
3875;210;Kristy Rhodes;Female;70;12;88;2;Medium;87;0.9;58;FALSE
5285;211;Ms. Marissa Ramirez;Female;92;15;85;1;High;68;2;82;FALSE
2923;212;Paul Hickman;Male;95;22;90;3;High;78;0.8;97;FALSE
7813;213;Mrs. Kathy Woodward;Female;82;25;90;3;High;72;2.2;95;FALSE
2279;214;Alexis Horn;Male;85;12;70;3;Low;72;0.7;70;FALSE
2904;215;Shannon Harris DDS;Male;91;17;85;2;Medium;80;2.3;82;FALSE
8484;216;Alicia Ortiz;Male;82;17;82;1;Medium;85;Missing;100;TRUE
;219;Martin Mcknight;Male;95;20;65;2;Medium;72;0.6;64;TRUE
1372;220;Gina Palmer;Female;85;12;60;2;Medium;92;1.2;72;TRUE
8314;222;David Anderson;Male;92;15;60;1;High;72;1.1;99;TRUE
3295;223;Brian Huffman;Female;92;22;78;3;Low;90;1.2;59;TRUE
7775;224;Jose Liu;Male;88;15;70;3;Low;68;3.1;77;FALSE
1768;225;Cathy Pratt;Female;88;12;88;0;Medium;68;1.5;61;FALSE
4948;226;Kathy Sandoval;Male;88;10;77;1;Low;62;4.8;85;TRUE
7363;227;Michael Webb;Male;88;25;88;2;Medium;90;0.5;96;TRUE
1844;228;Ronnie Taylor;Female;70;22;86;1;High;92;4;87;TRUE
8854;229;Matthew Miller;Male;95;18;78;3;High;87;3.7;98;FALSE
4974;230;Shelly Hurley;Male;70;25;70;1;Medium;62;2.3;91;FALSE
6053;231;Mr. Martin Dominguez MD;Female;95;12;77;1;High;78;3.8;70;TRUE
7073;232;Jennifer Wiggins;Female;70;18;86;3;Low;68;0.1;85;FALSE
5836;233;Anthony Smith;Male;92;30;90;0;Low;92;2.5;91;FALSE
5216;234;John Lopez;Male;85;17;65;1;High;68;3.6;81;TRUE
9882;235;Nathan Rodgers;Male;82;15;85;1;High;62;0.7;90;TRUE
2113;236;Martin Walker;Male;85;25;70;1;Medium;80;3.1;92;FALSE
8993;237;Jesus Wood;Male;85;12;70;0;High;80;2.6;67;FALSE
1280;238;Kelly Bell;Female;78;20;85;2;High;92;1;83;FALSE
6807;239;Kathryn Randall;Female;70;20;88;0;Medium;88;1.2;94;TRUE
5914;240;Sarah Norris;Male;85;20;60;0;Medium;72;2.4;90;TRUE
3807;241;Matthew Adams;Male;85;8;78;3;High;72;4.6;64;TRUE
8790;242;William Wade;Female;85;20;82;2;Low;80;0.9;70;TRUE
4394;243;Brian Castro;Male;88;18;82;0;Low;92;2.8;74;FALSE
7288;244;Teresa Sanders;Male;90;12;88;1;High;62;1.2;54;FALSE
7499;245;Richard Oneal;Female;85;18;77;1;High;90;2.8;74;FALSE
4043;246;Christine Cooper;Female;90;22;82;3;Low;87;0.4;59;FALSE
3527;247;Michael Foster;Female;95;30;78;2;High;85;Missing;100;FALSE
2674;248;Loretta Gonzalez;Male;90;10;60;1;Low;72;2.6;56;TRUE
2468;249;Douglas Ingram;Female;82;20;86;3;Medium;62;0.1;76;FALSE
2387;250;Randy Anderson;Male;91;12;65;0;High;68;1.3;67;FALSE
3390;251;Donna Shaw;Male;78;8;82;0;Medium;78;3.9;73;FALSE
5040;252;Joseph Holt;Female;91;22;90;1;High;68;;75;FALSE
7224;253;Taylor Acosta;Female;85;30;60;3;High;85;1.6;94;TRUE
8848;254;Danielle Scott;Female;78;8;88;2;Low;78;4.8;100;TRUE
6339;255;Melissa Aguirre;Female;88;8;88;2;Low;92;3;84;FALSE
5139;257;Kimberly Lambert;Male;70;8;85;1;Low;78;2.9;84;FALSE
9907;258;Rebecca Mendoza DDS;Male;95;12;86;2;High;92;3.3;72;TRUE
1725;259;Michael Anderson;Female;95;8;85;1;High;85;1.1;97;TRUE
8303;260;Hannah Gentry;Female;70;17;86;2;High;90;5;80;TRUE
5840;261;Patrick Reed;Female;90;20;65;1;Medium;90;2.3;63;FALSE
6706;262;Tiffany Huff;Female;90;18;77;0;High;85;0.2;95;TRUE
1370;263;Thomas Lee;Female;90;10;90;2;High;72;0.8;85;FALSE
8570;264;Justin Clark;Male;70;10;65;0;Medium;80;3.7;62;FALSE
8037;265;Michael Martinez;Female;85;25;90;2;Low;87;2.9;84;TRUE
6993;266;Vincent Smith;Male;88;17;85;2;Low;78;2.6;90;FALSE
7367;267;Sean Hull;Female;91;20;88;1;Medium;88;0.9;93;FALSE
2388;268;Sarah Welch;Male;95;20;90;2;High;68;1.9;59;FALSE
7852;269;Mr. Stephen Gilmore;Male;91;8;60;0;Medium;72;3.5;91;TRUE
3733;270;Barry Parker;Female;88;10;65;1;Medium;88;;72;TRUE
8939;271;Joshua Kane;Male;92;8;70;2;Low;78;2;81;FALSE
8272;272;Anthony Wright;Female;78;20;86;1;High;85;0.2;64;FALSE
3755;273;Nathaniel Lopez;Female;91;17;70;2;High;88;0.6;99;FALSE
9880;274;Darlene Fletcher;Male;85;12;90;0;High;92;1.5;;FALSE
5305;275;Christopher Moore;Female;90;17;85;3;High;88;3.4;95;FALSE
3719;276;Benjamin White;Male;92;25;78;3;Medium;72;;84;TRUE
6302;277;Jenny Coleman;Female;88;22;82;0;Low;87;0.7;98;FALSE
1971;278;Michael Gomez;Female;78;10;90;0;Low;90;4.1;98;FALSE
9019;279;Caleb Serrano;Male;91;18;60;0;Medium;87;3.2;99;TRUE
7600;280;William Carlson;Female;95;17;77;1;Low;80;4.3;96;TRUE
8511;281;Timothy Pruitt;Female;90;12;60;3;Medium;92;2.5;70;FALSE
6533;282;Mario Johnston;Male;91;17;88;1;High;87;3.1;79;TRUE
3035;283;Rebecca Kim;Male;85;17;78;0;High;68;4.4;;TRUE
5489;284;Joyce Williams;Male;95;18;85;1;Low;68;0.3;90;FALSE
4836;285;Cynthia Sloan;Female;90;20;78;0;Medium;87;0.7;64;FALSE
3688;286;Patricia Williams;Female;95;25;65;0;Low;78;4.3;55;TRUE
3293;287;Michael Payne;Male;91;8;88;0;Medium;68;1.2;91;TRUE
5065;288;Brooke Friedman;Female;85;18;90;2;Low;72;0.9;75;FALSE
1894;289;Daniel Mathis;Male;85;8;85;3;Medium;88;0.4;50;FALSE
6185;290;Lynn Jennings;Female;70;22;60;1;Low;68;3.8;99;TRUE
1273;291;Kimberly Randolph;Male;85;18;90;1;High;62;2.5;90;FALSE
7939;292;Jack Simmons;Male;90;12;70;3;High;85;0.4;55;TRUE
3545;293;Daniel Mendez;Female;70;22;85;2;Low;62;3.6;65;TRUE
5005;294;Travis Lawson;Male;70;20;77;3;Low;80;1.5;97;FALSE
2956;295;Jason Horne DDS;Male;78;15;65;1;Medium;72;;96;FALSE
3735;296;Shawn Galloway;Female;78;18;85;1;Medium;62;1.4;54;FALSE
2262;297;Thomas Barnes;Female;85;12;88;1;Medium;88;0.8;60;FALSE
2685;298;Elizabeth Curry;Male;92;12;78;1;High;92;0.2;73;FALSE
3458;299;Nicole Cunningham;Male;85;12;60;3;High;92;2.1;96;FALSE
5444;300;Patrick Thompson;Male;91;30;85;2;Low;80;0.9;83;TRUE
7568;301;Marissa Stewart;Male;85;18;82;1;High;72;2.3;73;TRUE
5777;302;Melissa Wilson;Female;91;25;77;1;Low;78;5;99;TRUE
6488;303;Mark Castillo;Male;70;18;85;3;Low;92;2.1;53;TRUE
5584;304;Mr. Kent Stanton;Male;85;25;70;0;Low;90;2.3;97;TRUE
2565;305;Tyrone Phillips;Male;70;20;86;3;High;62;3.3;58;TRUE
5778;306;Christopher Collins;Female;95;8;88;1;Medium;85;1.2;62;TRUE
;307;David Rowe;Male;88;10;77;1;Medium;62;0.6;72;TRUE
8404;308;Christopher Mccullough;Female;85;18;85;2;High;85;4.1;94;TRUE
4522;309;Carla Rodriguez;Female;78;20;90;1;Medium;72;0.2;69;FALSE
3848;310;Makayla Howard;Male;70;17;70;2;High;87;2.3;100;TRUE
2989;311;Barbara White;Male;85;25;65;3;Medium;90;3.4;91;TRUE
5240;312;Sarah Davis;Male;85;20;90;1;High;87;4.5;;TRUE
1699;313;Cody Donovan;Female;85;10;86;0;Low;62;2.5;74;FALSE
3831;314;Jessica Jenkins;Female;92;10;82;2;High;68;Missing;100;TRUE
5835;315;Benjamin Alexander;Female;70;12;77;1;High;85;1.9;76;TRUE
9614;316;Isaac Lopez;Male;82;15;60;1;Medium;72;3.9;72;FALSE
7363;317;Ariana Morse;Female;78;15;88;3;High;80;4.5;99;FALSE
1959;318;Brian Avery;Female;88;18;86;3;High;87;1.2;65;FALSE
9743;319;Amy Lawson;Male;92;22;60;1;High;68;1.2;;FALSE
1462;320;Derek Choi;Female;91;22;65;3;High;78;2.7;61;FALSE
1621;321;Paul Reese;Male;85;25;86;3;High;72;2.4;71;TRUE
3137;322;Francisco Chang;Female;78;30;78;1;High;88;3.5;59;TRUE
9622;323;Christian Knight;Female;90;18;60;3;High;90;1.5;58;FALSE
8157;324;Andrew Wilkerson;Female;95;10;70;3;Medium;92;3.3;61;FALSE
6026;325;Brandon Alvarez;Female;78;10;78;3;Medium;88;0.2;88;FALSE
4619;326;Gary Young;Male;85;10;88;2;High;90;4.9;60;TRUE
6500;327;Jessica Wright;Female;85;18;90;3;Low;87;1.8;100;TRUE
2661;329;Alexander Gordon DDS;Female;91;25;65;1;High;80;1.5;70;FALSE
2715;330;James Martinez;Male;95;10;60;0;Low;87;2.7;55;FALSE
8909;331;Francisco Williams;Male;70;10;86;0;High;80;0.5;63;TRUE
7705;332;Jordan Brooks;Female;88;18;90;2;High;62;2.9;81;TRUE
1893;333;Kurt Boyd;Female;85;8;85;2;Low;88;2.4;56;TRUE
4390;334;Bryan Salazar;Male;88;20;77;2;Medium;62;2.4;92;FALSE
2493;335;Mrs. Heather Roy;Female;78;30;60;1;High;78;0.2;78;FALSE
4727;336;Kathleen Newton;Male;70;12;60;2;Low;78;2.9;65;FALSE
5896;337;Julian Fox;Male;70;15;70;3;Low;88;3.4;89;TRUE
2970;338;Kylie Hancock;Female;78;10;90;3;High;80;2.1;93;FALSE
4308;339;Matthew Werner;Male;91;18;88;2;High;62;2.8;85;FALSE
5525;340;Kelsey Bush;Female;85;22;86;2;Medium;87;2.1;59;TRUE
2730;341;Brandon Dickerson;Male;88;12;88;0;Medium;62;3.3;86;FALSE
1613;342;Jamie Allen;Male;88;8;65;3;Low;62;0.2;71;TRUE
4734;344;Elizabeth Chavez;Male;88;17;88;2;Low;62;3;55;TRUE
8237;345;Melissa Morris;Female;70;17;70;1;High;72;4;54;FALSE
9303;346;Donna Hardin;Female;78;12;86;1;High;92;4.4;62;TRUE
;348;Dr. Richard Wallace;Male;92;30;77;3;Medium;68;;80;FALSE
6640;349;Samuel Shaw;Male;88;20;82;1;Medium;80;0.8;86;TRUE
4626;350;Mike Waters;Male;92;18;60;2;High;80;2.4;58;TRUE
1138;351;Andrea Newman;Female;88;22;82;2;Medium;62;4.3;79;FALSE
5631;352;Barry Jenkins;Female;90;17;85;1;Medium;90;4.3;;FALSE
4086;353;Laurie Johnson;Male;82;25;78;3;Medium;90;3.4;96;TRUE
9148;354;John Coleman;Female;88;8;60;0;Low;80;2.9;86;TRUE
6622;355;John Carter;Male;82;17;88;2;Medium;68;4.2;85;TRUE
5813;356;Mr. Devon Garrett;Male;85;10;82;2;High;90;3.3;64;FALSE
4659;357;Jill Kelly;Female;70;30;78;2;Low;85;Missing;100;FALSE
1879;358;Richard Gonzalez;Male;85;25;70;2;Low;62;2.6;76;TRUE
3470;359;Alex White;Male;92;30;60;3;Medium;68;1.6;95;TRUE
2324;360;Michael Gonzales;Female;95;10;88;1;High;78;1.4;98;TRUE
3595;361;John Williams;Female;90;10;86;0;Low;62;2;80;FALSE
1076;362;Daniel Herrera;Male;82;25;88;1;Medium;72;1;93;TRUE
6615;364;Heidi Simmons;Female;95;25;65;0;High;92;1.1;58;TRUE
1359;365;Andrea Fuller;Male;90;30;78;0;Low;85;3.9;89;TRUE
1785;366;David Dunlap;Male;85;15;85;0;Medium;62;0.6;66;FALSE
3508;367;Antonio Mitchell;Male;85;18;60;2;Low;72;1.3;88;TRUE
7862;368;Mariah Cole;Male;82;22;85;2;High;87;2.5;88;TRUE
6416;369;Raymond Murillo;Male;85;15;85;2;Low;78;Missing;100;TRUE
2659;370;Andrea Bradley;Female;92;17;82;2;Medium;80;0.5;61;TRUE
6384;371;Tina Velazquez;Female;88;22;82;2;Medium;90;0.9;75;FALSE
8479;372;Bonnie Callahan;Female;70;17;60;0;High;68;3.5;53;TRUE
2699;373;Eric Scott;Female;91;17;86;1;High;88;1.9;72;TRUE
9598;374;Michael Valenzuela;Male;95;12;70;0;High;62;3.3;65;FALSE
6664;375;Robin Spears;Female;78;12;86;1;High;68;2.5;80;FALSE
3709;376;David Owens;Male;85;30;90;1;Medium;80;2.5;85;FALSE
2944;377;Elizabeth Clark;Female;85;20;78;0;High;72;2.7;55;FALSE
9328;378;Beverly Fisher;Male;85;30;88;1;High;78;1.7;;FALSE
6952;379;Sarah Bailey;Female;90;20;90;1;Medium;90;4.1;68;FALSE
2741;380;Kendra Ramirez;Male;78;17;65;0;High;85;3.1;62;TRUE
7437;381;Diane Ross;Male;85;25;88;2;Medium;80;4.6;93;TRUE
8381;382;Stephanie Mcfarland;Female;91;12;65;1;High;72;3.7;85;FALSE
8912;383;Michelle Woods;Male;91;10;65;2;Medium;88;3;70;FALSE
7859;384;David Ruiz;Male;88;8;88;2;Medium;68;0.7;88;FALSE
9975;385;Jason Castro;Female;82;18;90;3;Low;85;3.4;93;TRUE
3913;386;Kathleen Montgomery;Female;90;18;70;0;Low;88;4.7;95;FALSE
9747;387;James Bennett;Male;70;18;70;2;High;62;0.7;92;TRUE
4275;388;Kelsey Watkins;Female;78;18;82;0;High;85;1;;TRUE
6876;389;David Park;Female;90;22;70;3;Low;72;1.9;82;FALSE
1769;390;Christopher Poole;Male;70;8;88;2;High;80;3.7;62;FALSE
4695;391;Rebecca Baxter;Female;88;12;86;3;Low;92;1.5;61;TRUE
4063;392;Virginia Daniel;Male;82;20;60;1;Medium;85;2.8;58;TRUE
5178;393;Melissa Gordon;Male;95;17;65;1;High;90;3;99;FALSE
9037;394;Brett Barrett;Female;90;30;70;3;High;72;0.3;82;TRUE
7814;395;Brandon Townsend;Female;90;30;90;3;Low;90;;68;TRUE
9691;396;Haley Robertson;Female;82;15;85;1;Medium;92;4.5;89;TRUE
1653;397;Michelle Gonzalez;Female;70;20;60;2;Low;85;0.1;83;FALSE
9426;398;Gary Holland;Female;85;18;82;3;Medium;72;0.4;56;TRUE
9814;399;Felicia Howard;Male;90;25;90;0;High;92;2.7;94;FALSE
2181;400;Sean Walker;Male;85;17;88;1;High;87;0.3;100;FALSE
2154;401;Brianna Mills;Male;88;8;60;1;Low;62;2.2;51;FALSE
2938;402;Michael Case;Male;91;20;86;1;Low;87;1.8;82;TRUE
5748;403;Felicia Houston;Female;91;20;82;1;Medium;62;4.1;51;FALSE
3561;404;Kevin Wilson;Male;78;8;70;2;Low;68;1.5;100;FALSE
1182;405;Mary Vaughn;Male;90;15;78;3;Low;62;2.7;55;FALSE
2877;406;Maurice Martinez;Male;91;15;70;1;Low;72;0.4;92;TRUE
5107;407;Jonathon Perry;Male;92;22;77;1;Medium;68;3.4;65;TRUE
6971;408;Rebecca Evans;Female;88;10;78;1;High;92;3.6;91;FALSE
5533;409;Paul Williams;Female;78;30;77;1;Medium;90;3.9;81;TRUE
3879;410;Tyler Boyer;Male;88;10;70;3;Medium;87;3.6;51;TRUE
7637;411;Kristy Nichols;Male;85;12;82;2;Low;78;3.3;59;FALSE
7430;412;Darren Martin;Male;91;18;65;1;Low;72;0.5;73;TRUE
4913;413;Katelyn Morgan;Male;82;10;77;0;High;88;4.7;92;TRUE
9485;414;Jesus Henson;Female;70;17;77;1;High;90;0.5;83;FALSE
5314;415;Robin Stewart;Male;70;8;88;3;Low;87;2.6;74;TRUE
9460;416;Lawrence Miller;Female;95;30;77;1;Low;80;2.5;;FALSE
3713;417;Ronnie White;Male;90;12;82;3;High;68;0.8;88;TRUE
4773;418;John Fox;Female;95;20;77;1;Medium;92;3;91;FALSE
1916;419;Daniel Scott;Male;88;10;70;0;Low;88;3.2;96;FALSE
3979;420;Jonathan Mann;Female;78;18;77;3;Low;87;1.1;;FALSE
2778;421;Bethany Andersen;Male;92;18;70;0;High;88;0.5;80;TRUE
9706;422;Tiffany Moore;Male;90;17;65;3;Low;80;4.5;99;FALSE
9553;423;Sylvia Chavez;Female;95;15;70;0;High;78;3.9;74;FALSE
2600;424;Gerald Reilly;Female;78;18;77;3;High;85;3;;FALSE
5223;425;Ashlee Wilcox;Male;85;15;86;2;High;72;0;91;TRUE
6175;426;Lance Johnson;Female;95;20;65;0;Low;88;1.3;84;FALSE
2642;427;Patrick Gonzalez MD;Male;82;8;88;2;Low;80;0.8;90;TRUE
2492;428;Cole Gomez;Male;85;22;60;2;High;85;1.1;55;TRUE
7296;429;Alejandro Gutierrez;Female;91;12;82;3;High;68;3.2;78;TRUE
4304;430;Natalie Long;Female;92;15;86;2;Low;92;3.1;93;TRUE
6893;431;Abigail Ingram;Male;85;10;85;2;Medium;90;3.3;75;TRUE
9482;432;Eileen Lee;Male;90;20;70;2;Low;72;4.6;72;FALSE
5530;433;Nancy Moore;Female;91;25;77;0;Low;80;1.3;76;TRUE
2185;434;Melanie Wilson;Female;95;20;70;2;Low;88;1.3;78;FALSE
8923;435;Gloria Henderson;Male;95;17;77;3;High;78;0.6;;FALSE
4610;436;Christopher Payne;Male;95;8;88;2;Low;80;3.5;66;TRUE
5706;437;John Franklin;Male;70;30;85;2;High;78;1.6;63;FALSE
3994;438;Angel Stout;Male;85;25;90;3;Medium;92;1.1;65;FALSE
6167;439;Candace Kelly;Female;91;18;77;0;High;85;2;98;TRUE
1887;440;Zachary Daniel;Female;85;12;78;2;Medium;62;4.3;99;TRUE
8490;441;Angel Howard;Male;82;17;88;1;High;92;1.9;56;FALSE
6924;442;Heather Hill;Female;78;12;78;3;Medium;78;4.8;71;FALSE
4013;443;Heather Gamble;Male;70;25;60;1;Medium;62;1.4;61;TRUE
4744;444;Sean Levine;Male;88;25;70;0;Medium;92;0.7;97;TRUE
8749;445;Brian Diaz;Male;78;8;77;0;Low;72;2.7;70;FALSE
5915;446;Catherine Koch;Female;82;22;78;0;High;68;0.3;66;FALSE
1324;447;Anne Martin;Female;90;30;86;0;Low;88;3.2;84;TRUE
5663;448;Mary Warren;Female;95;12;77;1;High;62;3.1;79;TRUE
3745;449;Amanda Bryant;Female;70;22;86;0;High;87;0.8;64;FALSE
6191;450;Joel Ford;Female;88;22;60;2;Medium;90;3.7;83;FALSE
7782;451;Mark Miller;Male;78;15;65;3;Low;85;4.7;94;TRUE
4450;452;Sarah Russell;Female;70;20;85;2;Medium;72;0.3;99;FALSE
9584;453;Lisa Mitchell;Male;90;18;86;0;High;62;1.5;65;FALSE
8260;454;William White;Male;78;12;65;1;High;90;4.3;70;FALSE
8654;455;Jacqueline Garcia;Female;82;17;65;2;High;88;;90;FALSE
9576;456;Elizabeth Wright;Female;95;17;70;3;High;78;1.5;76;FALSE
3551;457;Pamela Woods;Female;85;15;70;0;Medium;85;2.3;50;FALSE
8816;458;Sydney Patterson;Female;85;8;82;3;High;80;2.7;62;FALSE
8161;459;Lisa Johnson;Female;92;10;60;0;High;85;0.4;90;TRUE
9464;460;Todd Jackson;Female;88;12;82;0;High;87;0.9;68;TRUE
8460;461;Shelby Richards;Female;88;22;77;3;Medium;80;0.8;84;TRUE
4046;462;Joseph Roberts;Male;88;18;65;1;Low;80;1.2;59;TRUE
9086;463;Samantha Burton;Male;95;8;82;1;Medium;78;3.5;52;FALSE
2314;464;Cynthia Mcdonald;Male;85;18;60;2;Low;78;0.9;66;FALSE
1206;465;Kimberly Petty;Male;92;8;77;3;Low;80;1;97;TRUE
9538;466;Joshua Carpenter;Male;85;8;82;1;High;80;3.7;85;TRUE
5150;467;Jessica Fuller;Female;88;25;88;1;Low;92;4.9;65;FALSE
6316;468;Andrea Barber;Male;78;18;86;2;Medium;92;0;52;FALSE
3539;469;Brian Lyons;Female;90;25;65;1;High;88;1.7;98;TRUE
1979;470;Tammy Fuentes;Female;78;12;85;0;Medium;92;;85;FALSE
8187;471;Robert Taylor;Male;85;8;88;0;Medium;80;2.4;78;FALSE
2128;473;Steven Myers;Male;85;18;82;2;Medium;78;0;90;FALSE
4039;474;Cassandra Perez;Male;91;30;86;3;Medium;87;3.3;84;FALSE
4110;475;Jacqueline Eaton;Female;82;10;86;2;High;62;3.2;57;TRUE
9572;476;Carrie Mccoy;Male;85;10;65;1;High;87;2.4;;TRUE
7366;477;Amy Fisher;Female;82;22;86;2;High;90;1.1;95;TRUE
1214;478;Stephanie Reid;Male;85;20;77;1;Medium;72;3.7;76;FALSE
1955;479;Reginald Hoover;Female;82;15;85;0;High;92;4.8;56;TRUE
4784;480;Christina Russo;Female;92;25;70;3;Low;68;2.8;85;FALSE
2728;481;Raymond Howell;Female;85;8;85;0;High;72;2;71;TRUE
9747;482;Angela Perez;Female;95;30;70;1;Medium;62;3.8;77;FALSE
4943;483;Charles Aguilar;Male;70;12;82;0;Medium;78;4.8;50;TRUE
5660;484;Caitlyn Green;Male;82;10;82;1;Medium;92;;70;TRUE
5521;485;Ronald Davis;Male;90;15;77;1;High;68;1.3;87;TRUE
4817;486;Melissa Lucas;Female;88;20;86;0;Low;92;3.7;96;FALSE
8905;487;Heidi Leonard;Male;85;22;85;3;Low;85;0.2;86;FALSE
;488;Samantha Patton;Male;95;30;60;0;High;92;3.7;88;TRUE
7266;489;Richard Swanson;Male;88;12;78;1;Low;88;0.7;82;TRUE
3509;490;Lauren Simpson;Male;70;17;86;3;Low;87;1.1;68;FALSE
7529;491;Marissa Raymond;Female;78;10;77;2;High;78;2;86;TRUE
9589;492;Joyce Bishop;Male;92;18;82;0;Medium;88;0.4;92;FALSE
7939;493;Michael Kelly;Female;95;25;88;1;Low;80;3.8;60;FALSE
8245;494;Peggy Hill;Male;85;15;90;3;Low;90;0.8;96;TRUE
2841;495;Derrick Love;Male;88;22;65;2;High;90;3.5;57;FALSE
8373;496;Laura Stevens;Female;85;30;90;2;High;92;2.7;98;FALSE
9991;497;Terri Potter;Female;91;10;78;0;Low;72;0.2;60;TRUE
5653;498;Veronica Saunders;Male;91;18;78;1;Low;80;0.3;92;FALSE
6901;499;Emily Townsend;Male;85;18;60;3;Medium;72;4.9;56;FALSE
6465;501;Jennifer Dickson;Female;70;10;78;1;Low;90;1.8;69;TRUE
9212;502;Alexa West;Female;85;18;60;1;Low;85;1.1;71;FALSE
3248;503;Phillip Donovan;Male;70;12;86;3;Medium;92;2.9;77;FALSE
6395;504;Monique King;Female;82;10;90;0;Low;72;3.4;62;TRUE
6062;505;Karl Murray;Male;70;18;86;0;Medium;87;2.8;96;TRUE
3489;507;Lauren Montgomery;Female;88;10;65;1;Low;88;1.3;86;TRUE
4804;508;Nathan Wall;Male;85;30;85;1;High;72;4.2;80;FALSE
4014;509;Kristin Macias;Female;85;17;65;0;High;92;0.2;98;TRUE
9530;511;Bradley Stevens;Male;85;17;78;3;Low;72;2;97;TRUE
7347;512;Morgan Hampton;Male;92;18;77;0;Medium;85;2.3;77;FALSE
7440;513;Samantha Novak;Female;95;17;78;0;Medium;88;4.5;62;FALSE
2477;514;Audrey Robinson;Female;95;10;85;2;High;78;3.2;55;FALSE
9383;515;Lindsey Kerr;Male;70;12;60;1;High;90;2.8;92;TRUE
3656;516;Cynthia Nguyen;Male;78;15;60;2;Medium;78;1.4;61;TRUE
3155;517;Ryan Hood;Male;85;22;82;1;Medium;78;4.3;84;FALSE
9084;518;Matthew Stevenson;Male;92;22;77;1;Medium;78;0.4;88;TRUE
5009;519;Rhonda White;Female;91;12;90;1;High;68;0.3;72;TRUE
3381;520;Larry Ramsey;Male;91;22;82;1;High;80;0.5;61;TRUE
5659;521;Kimberly Anderson;Male;85;22;88;1;High;85;1.6;74;TRUE
4425;523;Kelly Baker;Male;90;22;70;2;Medium;88;4.7;95;FALSE
7996;524;Wendy Miller;Female;88;12;86;3;Medium;68;3.1;81;FALSE
9069;525;Michael Webster;Male;91;25;82;3;High;87;0.1;90;TRUE
4396;526;Michelle Ryan;Female;70;15;88;1;Low;92;0.1;62;FALSE
5168;527;Justin Jennings;Male;88;18;70;2;Medium;80;0.6;71;FALSE
7488;528;Norma Ward;Male;78;25;88;1;Low;78;4.6;52;TRUE
9779;529;Vincent Johnson;Male;92;22;78;1;High;68;1.4;51;FALSE
7147;530;David Stone;Male;91;22;60;0;Low;87;4.3;98;FALSE
6152;531;Amy Evans;Male;88;8;85;1;High;90;2.3;69;TRUE
9192;533;Stephen Ramirez;Male;92;30;77;2;Medium;90;0.7;56;TRUE
4361;534;Nicholas Baxter;Male;85;8;70;2;High;85;4.7;93;TRUE
6460;535;Raymond Smith;Female;85;20;70;2;High;88;3.8;90;TRUE
6257;536;Roy Johnson;Male;92;18;82;2;Medium;78;3.4;67;TRUE
3580;537;Ryan Vasquez;Male;90;15;86;2;Low;87;;72;FALSE
5440;538;Justin Johnson;Male;88;22;90;0;High;85;3.1;71;FALSE
8304;539;Kaylee Benjamin;Female;88;30;90;2;High;78;2.8;55;FALSE
2593;540;Charles Murphy;Female;88;17;77;3;High;68;4.3;89;FALSE
6954;541;Grant Henderson;Female;78;18;88;1;Medium;80;0.3;57;FALSE
8842;542;Michael Woods;Female;78;18;88;3;Low;68;2.5;75;TRUE
6339;543;Michael Kane;Male;88;12;77;0;Low;62;1.2;65;TRUE
8903;544;Susan Benson;Female;90;30;90;3;Medium;62;2.8;71;TRUE
3835;545;Timothy Armstrong;Male;91;17;85;3;Low;78;1.6;56;FALSE
3886;546;Cindy Harvey;Female;70;20;86;2;Low;88;3.9;74;FALSE
9098;547;Caitlin Carter;Male;90;25;65;3;Low;80;3.8;92;TRUE
8421;548;Ricky Johnson;Female;70;22;86;1;High;92;3.4;70;FALSE
5989;549;Bryan Hoover;Female;95;20;86;1;Low;72;2;58;FALSE
2022;550;Elijah Wagner;Female;82;15;78;2;Medium;87;4.3;51;TRUE
8073;551;Felicia Davis;Female;95;8;60;0;Medium;72;1.1;61;FALSE
3278;552;Jonathan Hess;Male;82;8;88;0;High;85;5;;TRUE
3200;553;Michael Yoder;Male;90;15;65;1;Low;62;4.9;58;TRUE
3248;554;Samantha York;Female;85;22;60;3;High;78;2.5;85;FALSE
7303;555;Joanna Martinez;Female;92;10;60;3;High;88;2.5;96;TRUE
9220;556;Penny Hopkins;Female;70;12;86;1;High;80;2.8;95;FALSE
2854;557;Justin Foster;Female;90;18;78;2;Medium;72;0.4;89;TRUE
5017;558;Jennifer Morgan;Female;90;12;86;2;Low;80;4.5;84;TRUE
8681;559;Dalton Chen;Female;82;17;86;1;Medium;90;4.8;68;FALSE
3744;560;Mrs. Amy Carney MD;Male;91;18;86;2;High;78;2.9;86;TRUE
5780;561;Melissa Wang;Male;88;17;85;0;Low;87;4.3;67;FALSE
;562;Chelsea Porter;Female;88;18;78;2;Low;68;4.6;97;TRUE
8317;563;Cameron Bender;Female;78;18;90;1;High;72;4.3;71;TRUE
6653;564;Daniel Solomon;Male;88;20;78;0;Medium;62;2.4;80;TRUE
7222;565;Deanna Jones;Female;85;18;65;2;Medium;80;1.4;78;FALSE
6172;566;Alicia Young;Female;90;12;88;0;Low;85;1.7;67;TRUE
5183;567;Peter Figueroa;Female;85;25;86;3;Low;90;3.4;61;FALSE
9972;568;Jacob Thompson;Male;85;20;78;0;High;72;0.5;;FALSE
4594;569;Jonathon Woodward;Female;88;25;78;1;Low;87;0.3;88;TRUE
2995;570;Brian Hayes;Male;90;22;65;0;Low;88;4;61;TRUE
4018;571;Lisa Carroll;Female;88;17;85;1;Medium;62;3.5;92;FALSE
5216;572;Cassandra Ryan;Female;90;18;78;0;Medium;90;5;;FALSE
3915;573;Terri Hayden;Female;90;17;90;3;Medium;68;3.2;56;TRUE
9857;574;Taylor Burns;Female;92;22;85;1;Low;85;0.5;54;TRUE
5105;575;Andrew Jimenez;Female;85;17;65;1;High;62;1.3;94;FALSE
7411;576;Wendy King;Male;82;17;77;0;Medium;87;2.7;50;FALSE
8898;577;Luis Carter;Male;91;12;88;1;Low;85;2;90;TRUE
6985;578;Nicholas Jones;Female;90;17;78;3;High;72;0.2;74;TRUE
5896;579;Tiffany Sanders;Female;90;30;77;2;Low;78;3.7;58;TRUE
1268;580;Tina Knight;Male;95;15;88;0;Medium;87;1.1;;FALSE
9791;581;Brittany Andrews;Male;91;25;85;1;Low;68;2.4;51;FALSE
1750;582;William Weber;Male;78;15;65;1;Medium;87;2.3;60;TRUE
2742;583;Angela Ortiz;Female;85;22;86;3;High;92;2.1;97;FALSE
;585;Michelle Aguilar;Female;78;8;65;1;Low;68;2.2;87;TRUE
3185;586;Travis Harrell;Male;91;8;65;1;Medium;87;0;61;TRUE
5648;587;Craig Mccann;Female;85;10;90;0;Low;85;2.6;76;TRUE
3859;588;Scott Edwards;Male;91;10;77;3;High;85;1.7;50;FALSE
4144;589;Kelly Cohen;Male;82;20;86;1;Low;72;1.1;99;TRUE
9804;592;Henry Johnson;Male;78;15;77;2;High;87;4.5;96;FALSE
6340;593;Keith Wilson;Female;92;30;90;2;Medium;92;0.5;97;FALSE
4276;594;Jordan Chase;Female;92;20;77;3;Medium;80;4.5;59;TRUE
8454;595;Kayla Solomon;Male;70;30;65;1;Low;92;3.2;67;TRUE
6503;596;Hayley Johnson;Male;85;22;78;2;High;87;4.3;79;FALSE
3804;597;John Bender;Female;92;18;86;0;Low;88;4.5;86;TRUE
5041;599;Michael Willis;Male;95;8;86;3;Low;68;4.6;50;FALSE
1724;600;James Simmons;Male;85;12;78;0;Low;62;2.4;94;TRUE
8412;601;Christopher Sullivan;Male;92;18;70;1;Low;62;4.7;58;FALSE
5846;602;Michelle Santos;Male;90;15;78;2;High;78;4.3;97;TRUE
8452;603;Michael Walters;Female;78;8;65;1;Low;78;3.5;50;TRUE
7305;604;Jason Anderson;Male;82;15;82;0;Medium;88;2.7;100;TRUE
6989;605;James Hoover;Female;78;12;85;2;Low;92;0.7;71;TRUE
9841;606;Julie Garza;Male;85;22;90;3;Medium;90;4.5;;FALSE
5540;607;Lisa Williams;Female;90;30;88;1;Medium;72;2.6;57;FALSE
9714;608;Erica Thomas;Female;85;22;88;2;High;78;0.4;75;TRUE
5724;609;Calvin Vargas;Male;90;10;82;2;High;68;2.5;63;TRUE
5803;610;Molly Jones;Female;82;10;77;1;Medium;78;3.7;51;FALSE
4097;611;Shannon Hogan;Male;85;18;70;0;Medium;88;1.7;91;FALSE
8965;612;James Fields;Female;85;18;78;0;Medium;68;3.9;64;FALSE
7093;613;Arthur Johnson;Female;85;10;88;2;Medium;68;3.1;60;FALSE
3986;614;Collin Edwards;Male;78;10;90;2;High;90;2.9;78;FALSE
7056;615;Kimberly Smith;Male;92;18;78;1;Medium;68;1.9;84;TRUE
9948;616;Taylor Moyer;Female;88;17;82;3;High;68;4;96;FALSE
8306;617;David Jimenez;Female;90;30;78;3;Low;92;2.9;64;FALSE
4206;618;Kyle Coleman;Male;90;18;77;2;Low;62;1;70;TRUE
6915;619;Marvin Cardenas;Female;78;8;88;0;Medium;80;1.4;72;FALSE
8300;620;Eddie Robertson;Male;92;17;60;0;Medium;68;4;77;FALSE
;621;Christopher Diaz;Male;78;25;82;1;Low;90;0.3;87;FALSE
2449;622;Christopher Taylor;Male;70;18;60;0;Low;78;3.6;98;TRUE
4264;623;Brenda Bell;Male;70;18;70;1;High;85;4.2;69;FALSE
8593;624;Ashley Nguyen;Male;85;15;65;2;Medium;78;0.6;92;FALSE
7834;625;Michael Bailey;Male;85;25;78;2;Medium;78;5;54;FALSE
8872;626;Maria Scott;Female;88;18;85;1;Low;88;0.1;66;TRUE
1958;627;Katherine Mclaughlin;Male;95;17;65;1;High;80;1.4;76;FALSE
1798;628;Karen Cruz;Female;88;12;85;2;High;68;3.8;88;TRUE
9908;629;Jodi Taylor;Female;95;18;82;1;High;72;2.9;59;TRUE
3243;630;Thomas Mcgrath;Female;95;17;60;1;High;87;1.1;82;TRUE
3277;631;Kathy Bailey;Female;91;12;88;0;Low;85;0.1;57;TRUE
3108;632;Karen Wolf;Male;92;18;65;3;High;87;2.1;98;TRUE
2273;633;Mary Jones;Male;85;8;78;3;High;80;;82;TRUE
8685;634;Lisa Houston;Female;88;15;78;2;Low;80;3.8;100;TRUE
4365;635;Ashley Jordan;Female;78;30;78;2;High;85;4.7;72;FALSE
3630;636;Lonnie Williams;Male;82;22;85;2;Low;80;2.6;95;TRUE
5617;637;Michael Poole;Male;82;15;85;3;Low;78;1.8;87;TRUE
8203;638;David Martinez;Male;78;30;60;0;High;72;Missing;100;FALSE
3025;639;Eduardo Miller;Female;90;12;65;1;Medium;85;2.8;52;TRUE
6375;640;Kristine Williams;Female;88;8;82;1;Low;85;3.4;78;TRUE
2723;641;Audrey Woods;Female;85;12;85;2;High;62;2;87;TRUE
3764;642;Lauren Brown;Male;95;25;88;3;Low;62;0.6;77;FALSE
5563;643;Stephanie Merritt;Female;70;30;77;3;Medium;78;2.6;59;FALSE
2770;644;Rebecca Jones;Male;88;17;77;3;Low;68;0.1;97;TRUE
2117;645;Isaiah Arnold;Female;85;10;60;3;Low;90;0.8;89;TRUE
2253;646;Andrea Frey;Female;85;25;82;1;Medium;72;1.3;71;TRUE
1517;647;Andrew Dudley;Male;90;8;77;1;Medium;78;2.3;52;TRUE
5965;648;Kenneth Jones;Male;85;8;65;2;Low;62;2.4;57;FALSE
9837;649;Jane Griffith;Female;85;12;65;2;High;62;1.3;87;FALSE
6779;650;Jeff Phillips;Female;95;15;78;3;High;68;4.2;72;TRUE
6591;651;Dawn Edwards;Female;90;8;88;1;Medium;90;0.3;65;TRUE
4844;652;Paige Campbell;Female;91;20;85;2;High;90;0.8;84;FALSE
1612;653;Belinda Kim;Female;70;22;70;0;Medium;80;3.5;87;TRUE
6185;654;Christopher Cruz;Male;88;8;88;3;High;78;0.5;93;TRUE
6504;655;Ruben Steele;Female;82;30;65;3;Medium;90;4.8;62;FALSE
2234;656;Bradley Martinez;Male;88;18;78;2;Low;62;4;89;TRUE
2552;657;Alison Williams;Female;88;20;86;2;Medium;62;1;100;TRUE
5945;658;Scott Ferguson;Female;70;12;88;3;Medium;62;1.3;82;FALSE
9971;659;David Brown;Male;85;12;65;3;Medium;92;3.3;97;FALSE
;660;Joseph Smith;Female;91;15;70;3;Medium;78;0.7;59;FALSE
7649;661;Renee Scott;Male;90;10;90;1;High;85;2.3;85;FALSE
7914;662;Aimee Green;Male;92;10;82;0;High;85;3.9;67;TRUE
1691;663;Ricky Jenkins;Female;85;15;85;1;Low;85;4.3;76;FALSE
2479;664;Kelly Allen MD;Female;78;25;85;3;Low;72;4.7;83;FALSE
9133;665;Sean Smith;Male;92;22;85;1;Medium;88;3.7;97;TRUE
7928;666;Robert Johnson;Male;78;20;65;3;Medium;78;2;87;TRUE
9034;667;Susan Russell;Female;90;30;70;0;High;92;4.8;100;TRUE
6947;668;Ryan West;Female;95;18;78;3;High;80;3.5;100;TRUE
5929;669;Christina Fitzgerald;Male;92;18;90;0;Medium;90;4.4;99;FALSE
1555;670;Susan Roberson;Female;90;17;77;0;Medium;62;4.4;56;TRUE
4010;672;Jodi Rogers;Female;78;15;60;3;Low;85;1.6;55;TRUE
3585;673;Michelle Clay;Male;82;10;86;0;Medium;78;2.4;97;TRUE
5270;674;Jacob Bean;Male;91;30;82;3;High;62;1.8;75;FALSE
4677;675;Robert Harper;Male;85;12;86;3;High;78;1;94;TRUE
;676;Valerie Gibson;Female;91;8;86;2;High;87;4.8;60;TRUE
1231;677;Michelle Graham;Female;85;17;85;3;Low;92;1;100;FALSE
5717;678;Seth Johnson;Female;70;10;60;3;Low;92;5;68;TRUE
8506;679;Julia Sanchez;Male;85;17;65;1;Low;62;3.4;95;FALSE
1745;680;Justin Sharp;Male;88;12;86;0;Medium;62;3.4;58;TRUE
3938;681;Thomas Yoder;Female;88;12;77;1;Medium;68;0.4;95;FALSE
3323;682;Christine Mullins;Female;90;30;78;0;Medium;85;3.7;77;FALSE
5312;683;Timothy Mcbride;Female;82;30;60;0;Medium;78;3.8;59;FALSE
1871;684;Deborah Reyes;Male;78;15;90;0;High;78;1.3;95;FALSE
8150;685;Chad Downs;Male;85;15;78;1;Low;72;2.4;81;TRUE
3425;686;William Hill;Male;95;20;90;2;High;68;;67;TRUE
1067;687;Makayla Rhodes;Male;70;20;90;1;Low;87;4.4;51;FALSE
2998;688;Clayton Jones;Female;95;18;85;1;High;80;0.4;95;FALSE
8439;689;Sean Hernandez;Female;91;15;88;1;Low;88;4.8;70;TRUE
4463;690;Christine Young;Male;88;30;78;2;Low;88;1.9;75;FALSE
3916;691;Brian Hale;Male;70;20;78;3;High;62;3.9;68;TRUE
2975;692;Sandra Hart;Female;85;8;82;3;High;90;3.3;73;TRUE
9021;693;Christine Curtis;Female;70;17;82;3;Low;62;0.5;77;FALSE
4053;694;Tara Johnson;Female;70;20;78;2;Medium;78;3.4;91;TRUE
9115;695;Stephanie Snyder;Male;88;17;60;2;Medium;85;0.7;;FALSE
5073;696;Miguel Leblanc;Female;88;22;78;2;High;80;2.6;82;FALSE
7766;697;Christina Mcintyre;Male;85;22;82;1;Medium;88;0.4;82;TRUE
2866;698;John Weber;Female;78;10;60;1;High;62;4.4;69;FALSE
8454;699;Timothy Austin;Male;91;18;88;0;High;68;0.4;88;FALSE
2742;700;Jeffrey Sullivan;Male;82;15;78;0;High;80;0.9;;FALSE
7637;701;Michael Noble;Male;88;22;86;1;Low;62;4;55;TRUE
3213;702;Christine Shah;Male;92;20;78;3;High;92;2.4;59;TRUE
8139;703;Lisa Maynard;Male;90;18;77;0;Medium;62;0.1;60;TRUE
8295;704;Lisa Lynch;Female;85;15;77;3;High;92;1.5;75;TRUE
6469;705;Angela Warren;Male;90;8;60;1;Low;88;3;85;FALSE
1994;707;Yvonne Krueger;Male;70;22;88;2;High;85;4.5;76;FALSE
2915;708;Keith Bailey;Female;91;30;77;0;High;68;1.4;62;FALSE
6633;709;Barbara Case;Female;92;12;90;3;Low;90;4.6;95;FALSE
3148;710;Jamie Torres;Female;70;8;88;1;High;88;1;94;TRUE
8911;711;Justin Jacobs;Male;78;25;65;3;Medium;87;4;81;FALSE
4845;712;Kevin Reynolds;Male;82;15;78;1;Medium;90;3.4;61;TRUE
2043;713;Michelle Kelly;Female;70;20;86;3;High;72;1.1;66;FALSE
6820;714;Terry Hernandez;Male;82;18;65;2;Low;87;3.5;78;FALSE
2817;715;Aaron Duarte;Male;91;22;85;2;High;72;0.5;90;TRUE
4365;716;Micheal Perez;Male;78;18;77;2;Medium;87;0.8;73;FALSE
3257;717;Troy Bradford;Male;92;17;60;1;High;78;1.7;82;TRUE
2396;718;Bobby Wilkinson;Female;95;8;88;3;High;72;2.1;64;TRUE
8025;719;Juan Lopez;Female;88;17;70;1;High;78;0.7;50;TRUE
1947;721;Leah Holmes;Female;70;8;78;2;Low;90;4.5;50;FALSE
9647;722;Todd Brooks;Male;70;17;90;2;Low;88;3.3;94;FALSE
7627;723;Madeline Rush;Male;88;20;78;2;Medium;62;3.6;97;TRUE
1383;724;Nicole Frederick;Male;82;22;82;3;Medium;62;4.9;57;TRUE
7110;725;Jason Adams;Female;82;30;85;1;Low;87;2.2;;TRUE
8424;726;Mallory Fletcher;Female;92;22;86;2;Low;92;1.8;68;TRUE
7187;727;David Cummings;Male;90;30;70;3;High;90;2.3;59;FALSE
7751;728;Kelly Suarez;Male;90;15;60;0;Medium;92;2.2;73;FALSE
9502;729;Drew Morse;Male;88;22;77;0;Medium;78;3.7;76;TRUE
3364;730;Lauren Stephens;Male;85;17;65;2;Low;87;3.5;79;FALSE
1534;731;Penny Miller;Male;82;30;85;3;Medium;87;0.6;86;FALSE
1659;732;Paula Stewart;Male;90;30;82;1;Medium;85;2.4;100;TRUE
3328;733;Jonathan Johnson;Female;85;18;82;3;High;78;0;85;FALSE
2106;734;Laura Ross;Female;70;17;86;2;Low;78;4.5;100;FALSE
8786;735;Brandy Wilson;Male;78;12;77;1;Low;78;0.7;96;FALSE
2463;736;Brittany Briggs;Female;70;25;60;1;Low;80;4.8;78;FALSE
2450;737;Carl Coleman;Male;85;22;82;2;Low;87;3.2;55;TRUE
9877;738;Crystal Chandler;Male;91;12;90;1;Low;80;0.6;84;TRUE
9052;740;Jesse Barber;Male;95;18;65;0;High;72;1.6;66;TRUE
2878;741;Julie Jackson;Male;82;10;82;0;High;85;3.8;59;FALSE
7672;742;Cindy Morales;Female;85;22;88;0;High;80;1.5;56;FALSE
9076;743;Ashley Franco;Female;90;18;78;1;Medium;72;2;;TRUE
7676;744;Kimberly Calderon;Male;85;18;70;3;Low;87;1.2;85;TRUE
5990;745;Lisa Brooks;Female;85;20;70;3;High;90;2.7;60;TRUE
9806;746;Destiny Todd;Female;82;17;78;1;Medium;88;1.4;60;TRUE
1985;747;Dawn Luna;Female;88;22;78;0;Medium;92;2.9;82;FALSE
1745;748;Jacob Yoder;Male;82;22;85;2;High;62;3.5;58;FALSE
8077;749;Martha Moody;Male;91;12;88;1;Low;85;4.9;95;FALSE
5473;750;James Torres;Male;95;30;90;1;Low;90;0.1;94;TRUE
;751;Joshua Robertson;Female;85;15;65;0;Low;78;3.8;84;TRUE
2270;752;Shelly Stuart;Male;85;20;88;0;Low;90;1.9;99;TRUE
3044;753;Julie Williams;Female;95;25;77;1;High;80;3.8;93;FALSE
4137;754;Tamara Jones;Female;91;18;90;3;Medium;90;0.2;81;TRUE
1116;755;Todd Orozco;Male;70;20;78;3;Low;78;0.9;62;TRUE
2070;756;Jeffrey Torres;Male;90;10;82;3;High;72;3.6;67;TRUE
1378;757;Chad Colon;Female;82;17;78;0;Low;80;Missing;100;FALSE
7666;758;Alan Williams;Female;90;12;77;1;Medium;72;3.8;96;TRUE
1769;759;Cameron Austin;Female;88;12;77;1;High;62;1;55;TRUE
4696;760;Dawn Nguyen;Female;90;25;90;0;Medium;85;0.3;90;TRUE
1456;761;Andrea Phillips;Female;70;15;86;1;Medium;92;0.5;65;FALSE
1891;762;Robert Bishop;Male;88;18;85;3;Low;78;3.8;90;FALSE
3045;763;Melanie Mckinney;Male;85;15;60;0;Low;87;3.9;53;FALSE
1897;764;Joseph Ellis;Female;91;8;85;2;Low;80;2.8;68;FALSE
7581;765;Jennifer Smith;Male;91;8;90;3;Low;88;0.1;74;FALSE
8014;766;Vickie Holloway;Male;95;15;77;2;Medium;88;1;56;TRUE
2106;767;Nancy Munoz;Female;91;10;70;2;Medium;62;2.4;89;FALSE
4046;768;David Taylor;Male;88;15;78;0;Medium;88;2.2;91;FALSE
6098;769;Amber Gray;Male;78;17;82;3;Medium;85;1.8;50;TRUE
1939;770;Christian Barr;Male;82;12;78;0;Medium;92;4.9;90;TRUE
2120;771;Kimberly Harrison;Female;92;17;77;3;Low;90;4.3;;FALSE
5909;772;Mark Fleming;Female;95;10;85;1;High;78;1.1;;TRUE
4772;773;Felicia Carpenter;Female;88;25;90;0;Low;90;4;74;TRUE
7558;774;Rebecca Kelly;Male;85;30;78;2;Medium;80;2.8;59;FALSE
8215;775;Aaron Walls;Male;91;30;78;1;High;92;1.4;64;FALSE
3855;776;Mark King;Female;82;25;65;3;High;68;4.2;56;TRUE
3248;777;James Macdonald;Male;90;30;90;2;Medium;92;1.8;73;TRUE
9633;778;Alexander Thompson;Male;90;20;65;0;High;92;2.7;94;FALSE
6209;779;Kaitlin Walton;Female;92;18;86;3;High;72;1.5;59;FALSE
5049;780;Ashley Kaufman;Male;88;10;70;3;Medium;92;3.6;100;FALSE
2062;781;Megan Bernard;Male;82;8;70;1;Medium;72;2.3;70;FALSE
9609;782;Kelly Harper;Female;85;17;82;3;Medium;88;3.2;63;TRUE
4325;783;Daniel White;Female;92;8;90;2;Medium;62;2.9;73;FALSE
2388;784;Justin Castro;Male;90;18;77;2;Medium;92;2.9;79;FALSE
7981;785;John Odonnell;Female;85;8;60;0;Medium;90;1.4;51;TRUE
8236;786;Whitney Tapia;Male;88;20;88;2;High;72;2.6;91;TRUE
5528;787;Jeff Lawrence;Male;90;20;85;1;High;72;;62;FALSE
5096;788;Jeremy Shields;Female;88;25;86;0;Low;72;4.6;50;FALSE
5617;789;Matthew Davies;Male;70;8;86;1;Medium;72;4.9;59;FALSE
4728;790;Christine Hamilton;Male;92;17;90;2;Low;72;3.8;96;FALSE
6581;791;Crystal Proctor;Male;95;25;60;0;High;78;2.2;85;TRUE
7608;792;Victoria Mcbride;Female;95;22;78;3;High;68;0.8;71;FALSE
7247;793;Ellen Cross MD;Male;70;20;70;0;High;78;0.5;;FALSE
5991;794;David Stevens;Male;88;20;70;0;High;88;2.4;61;TRUE
2138;795;Frank Brown DDS;Female;88;25;90;2;Low;72;0.3;53;FALSE
2126;796;Deborah Barajas;Female;88;10;90;2;Medium;78;0.8;;FALSE
4325;797;Richard Howard Jr.;Male;88;25;78;0;Medium;87;4.1;88;TRUE
9615;798;Anita Dougherty;Female;91;17;77;1;Low;80;3.7;68;FALSE
6681;799;Alicia Watson;Female;70;22;65;0;High;68;4.5;96;FALSE
8501;800;Deborah Hunter;Female;78;22;85;0;Low;80;1.2;60;FALSE
9810;801;Morgan Gilbert;Female;90;25;77;0;Low;87;5;54;TRUE
9264;802;Taylor Crawford;Female;70;17;65;2;High;72;0.2;51;TRUE
8567;803;Danny Sanchez;Female;95;8;90;0;High;80;1.3;95;FALSE
6359;804;Cory Rosario DDS;Female;85;17;85;2;Low;92;3.6;78;TRUE
3759;805;Kyle Perez;Male;85;18;65;1;Medium;68;1.1;52;TRUE
8242;806;Kelly Gibson MD;Male;82;20;60;2;Medium;80;3;53;FALSE
4305;807;Angela Garcia;Male;95;25;90;2;High;62;0.1;50;FALSE
4148;808;Dylan Vaughan;Male;92;20;65;0;High;62;2.6;70;FALSE
4105;809;Kevin Santiago;Male;82;8;60;2;High;92;0.5;70;TRUE
1245;810;Terry Rodriguez;Female;95;15;60;3;Medium;92;0.3;67;FALSE
1719;811;Chad Mason;Male;92;8;82;3;Medium;87;3.6;100;TRUE
5127;812;Jessica Ferguson;Male;91;30;60;0;Medium;68;3.2;94;FALSE
8899;813;Andrew Schroeder;Male;95;18;86;3;Medium;62;2.6;97;TRUE
9248;814;Jeffrey Garcia;Male;88;15;86;0;Medium;92;3.7;98;TRUE
2300;815;Jason Hood;Male;78;30;77;2;High;68;1.9;91;TRUE
4900;816;Sandra Leon;Female;88;10;78;1;Low;80;2.6;76;FALSE
1388;817;Tyler Mccormick;Male;95;30;90;3;Low;80;4.5;92;TRUE
4644;818;Megan Murphy;Female;82;30;65;1;Low;80;0.3;81;TRUE
4153;819;Charles Vincent;Male;78;18;65;2;High;88;2.7;100;TRUE
4871;820;Mrs. Cindy Sharp DVM;Male;70;17;82;0;Low;92;1.2;61;TRUE
7188;821;Sarah Dixon;Male;85;17;60;2;Low;62;3.8;;FALSE
1324;822;Teresa Rodriguez;Female;70;20;82;3;Low;68;2.8;61;FALSE
7233;823;Shannon Spencer;Female;88;17;82;0;Low;88;2.4;71;TRUE
8688;824;Darlene Tapia;Male;78;25;78;1;Low;90;2.5;76;FALSE
7113;825;Ryan Ball;Female;85;18;86;2;Medium;80;5;57;FALSE
3660;826;Anita Berger;Male;70;18;88;2;Low;78;3.2;73;TRUE
7313;827;Tom Bradley;Male;92;25;77;1;Medium;80;3.5;91;TRUE
5281;828;Melinda Cummings;Female;78;18;90;3;Low;68;0.1;99;TRUE
7297;829;Melissa Donaldson;Female;91;20;70;3;Medium;68;4.1;66;FALSE
5407;831;Isaiah Moore;Male;70;18;78;0;Medium;80;0.5;99;FALSE
9600;832;Jonathan Ramirez;Male;88;8;65;0;Medium;68;3.5;62;FALSE
3981;833;Mrs. Melanie Mueller;Male;85;22;90;0;High;80;3.7;98;TRUE
5249;834;Ms. Heather Dean;Female;85;22;85;0;High;85;0.4;57;FALSE
2052;835;David Malone;Female;85;22;90;1;Medium;87;0;67;TRUE
1685;836;Melissa Brown;Male;92;12;78;0;Low;72;4.9;98;FALSE
8961;837;Jason Woods;Female;95;22;60;1;Medium;90;5;65;FALSE
7528;838;Rachel Diaz;Female;91;15;88;1;High;80;2.3;94;FALSE
3275;839;Michael Jones;Male;91;20;70;2;Low;92;1.8;89;FALSE
9436;840;Taylor Mcgee;Female;92;15;88;1;Low;90;4.4;97;FALSE
8279;841;Christopher Ray;Male;91;17;60;3;High;90;2.1;80;TRUE
2465;843;Dr. James Henry DDS;Male;70;15;65;1;Medium;85;1.1;66;FALSE
3016;844;James Stevens;Male;82;17;85;1;High;88;3.8;88;TRUE
6623;845;Kevin Marquez;Female;70;12;60;3;High;85;0.6;55;TRUE
2460;846;Colleen Porter;Female;91;25;85;3;Medium;68;4.3;74;TRUE
6092;847;Christian Odom;Male;91;12;90;0;Medium;90;3.9;93;TRUE
9515;848;Calvin Macias;Male;90;8;78;2;Medium;90;0.7;68;TRUE
9189;849;Kim Fischer;Female;78;22;82;0;Low;80;3;69;TRUE
5480;850;Travis Schultz;Female;92;17;82;0;High;90;0.8;95;TRUE
4687;851;Bonnie Morris;Male;78;17;60;2;Low;68;5;85;FALSE
6528;852;Tiffany Morris;Female;85;30;60;0;High;72;3.6;68;FALSE
9978;853;Paul Poole;Female;90;10;88;3;High;85;2.3;60;TRUE
8239;854;Richard Perez;Female;88;10;90;3;Low;92;3.7;50;FALSE
2670;855;Bernard Whitaker;Male;70;8;65;1;High;90;4.9;61;TRUE
2922;856;Melinda Miller;Female;91;8;65;0;High;80;0.6;75;FALSE
5959;857;Christina Gonzales;Male;70;20;77;0;Medium;78;1.8;57;TRUE
2353;858;Maria Gray;Male;85;12;90;1;Low;88;4.9;;FALSE
2549;859;Mary Bennett;Male;70;17;60;2;Low;68;0.5;54;TRUE
7640;860;Dr. Erik Pineda;Male;70;12;70;2;Medium;87;2.6;87;TRUE
4399;861;Sandra Burns;Male;78;22;65;1;Low;78;4;57;TRUE
3110;862;Patricia Hunt;Male;78;20;70;2;High;87;4.9;;FALSE
6956;863;Erika Kennedy;Male;70;15;90;2;High;72;4.5;68;FALSE
3291;864;Timothy Newman;Female;95;12;88;3;Low;72;1;56;FALSE
4884;865;Tanya Bowen;Male;92;10;82;3;High;88;2.8;87;FALSE
5544;866;Rhonda Davenport;Male;91;8;85;2;Medium;85;1.9;60;FALSE
8472;867;Cheryl Brown;Male;88;8;65;2;High;87;3.1;67;TRUE
7097;868;Angela Bridges;Male;70;10;88;0;Medium;80;4.8;65;TRUE
5425;869;Brandon Rasmussen;Male;82;20;70;0;High;90;3.2;73;FALSE
5476;870;Ryan Beltran;Male;92;18;78;0;Medium;92;1.9;56;TRUE
3879;871;Allison Novak;Female;91;17;85;2;Medium;88;4.3;85;FALSE
3090;872;Kirsten Davis;Female;85;12;78;0;High;62;2.8;;TRUE
5519;874;Aimee Christensen;Female;88;25;82;2;Medium;62;3.9;55;TRUE
2256;875;Jessica Howard;Male;90;10;86;1;High;85;2.8;81;TRUE
7946;876;Lisa Zhang;Male;85;17;70;2;Low;87;2;89;TRUE
1119;877;Jonathan Daniel;Male;88;30;90;2;Low;88;0.2;78;TRUE
9577;878;Cheyenne Oliver;Male;78;18;88;0;High;90;4.8;77;FALSE
7211;879;Brianna Henderson;Male;95;20;88;3;Low;87;1.5;80;FALSE
5337;880;Mark Sanchez;Male;85;22;60;3;Medium;72;4.1;52;FALSE
8999;881;Melissa Nguyen;Male;95;15;86;1;Medium;85;1.8;50;FALSE
4050;882;Jeff Carney;Male;95;15;85;0;Medium;92;0.4;82;TRUE
7729;883;Tammy Tanner;Male;88;15;65;2;High;78;2;69;FALSE
8017;884;Donna Robinson;Female;88;18;85;1;Low;78;0.8;72;FALSE
1095;885;Eric Wilson;Female;92;20;90;2;High;68;2;97;FALSE
1517;886;Linda Armstrong;Female;92;17;82;2;Medium;78;2.8;93;TRUE
6322;887;Russell Jones;Female;82;8;65;0;High;80;0.6;72;TRUE
4874;888;Darlene Burton;Female;95;8;86;1;Medium;78;1.4;81;TRUE
8027;889;Faith Johnson;Male;91;10;70;0;High;85;3.8;66;TRUE
8031;890;Nathan Miller;Male;85;20;70;3;High;92;5;87;TRUE
4758;891;Donna Fowler;Male;78;18;78;2;High;68;2.1;89;TRUE
2489;892;Whitney Jefferson;Male;70;8;70;2;Low;92;1.1;77;FALSE
2005;893;Shane Sanders;Female;85;18;85;2;Medium;85;4.7;95;FALSE
5046;894;Felicia Cline;Female;85;10;78;1;High;90;1.1;80;FALSE
2650;895;Jennifer Clark;Female;78;18;78;1;Medium;85;0.6;92;TRUE
3134;896;Miss Carla Coleman MD;Female;95;30;86;2;Low;90;1.2;67;TRUE
7292;897;William Nelson;Male;90;10;86;2;High;88;;91;TRUE
4160;898;Crystal Brown;Female;90;20;70;3;Medium;85;3.6;98;TRUE
9741;899;Erica Miller;Female;85;10;90;0;Low;85;4.5;98;FALSE
9723;900;Emily Martin;Female;78;17;70;0;Low;62;2;67;TRUE
4015;901;Erica Miller;Female;78;22;90;3;Low;80;4.4;100;FALSE
9254;902;Wesley May;Female;88;25;82;2;Low;87;0.9;52;TRUE
5781;903;Christopher Atkinson;Male;78;18;65;2;High;92;4.9;63;TRUE
1022;904;Blake Martinez;Female;91;30;88;2;Low;72;1.3;58;FALSE
5831;905;Joy Henderson;Male;85;18;88;3;Low;85;0.9;51;TRUE
7258;906;Mary Ramos;Female;91;12;90;1;High;90;1.3;87;FALSE
3550;907;Colleen Sanchez;Female;92;8;88;0;Medium;87;2.5;79;TRUE
3885;908;David Cruz;Male;91;17;65;0;High;85;0.8;61;FALSE
4077;909;Ralph Becker;Male;78;20;60;3;Medium;62;0.5;83;TRUE
1193;910;Denise Coleman;Male;70;8;78;2;High;80;0.7;99;TRUE
3281;911;Samantha Mendoza;Female;91;18;65;2;Medium;78;0.8;53;FALSE
1019;913;Anthony Smith;Male;85;25;60;0;High;90;3.3;64;FALSE
2841;914;Deborah Hernandez;Female;78;20;90;2;Medium;90;0.4;71;TRUE
6906;915;Kristi Price;Male;85;22;65;0;Medium;72;1.7;61;FALSE
3461;916;Alex Douglas;Female;91;18;88;2;Medium;78;3.3;66;TRUE
1035;917;Ian Mcdonald;Male;78;30;65;0;Medium;78;4.1;57;FALSE
5562;918;David Bauer;Male;90;30;65;0;Medium;90;1.6;77;FALSE
7782;919;Steven Hill;Male;78;25;60;0;Low;78;;81;TRUE
7301;920;Linda Beasley;Male;91;8;70;3;Low;92;3.5;65;FALSE
1046;921;Maria Edwards;Male;85;18;70;1;High;87;0.3;72;FALSE
3283;922;Megan Hutchinson;Female;85;10;70;0;High;92;4.1;53;TRUE
2920;923;Jaime Simon;Male;70;15;60;1;High;87;3.3;54;FALSE
3591;924;Thomas Freeman;Male;78;30;65;2;High;87;0.1;76;TRUE
5698;925;Holly Leon;Male;78;15;78;3;High;72;;;FALSE
8443;926;Travis Pierce;Female;91;12;82;3;Medium;68;1.4;55;FALSE
;927;Nina Fowler;Male;70;22;78;3;Medium;68;4.1;85;TRUE
8674;928;Kristen Galloway;Female;95;8;60;0;High;90;3.2;62;FALSE
2776;929;Raven Taylor;Male;90;30;86;1;High;92;1.4;84;TRUE
5410;930;Christina Johnson;Male;91;22;78;3;High;80;0.2;55;FALSE
1138;931;Holly Spencer;Female;88;8;70;3;Medium;62;3.6;58;TRUE
6428;932;Jessica Davies;Female;82;20;70;0;High;88;4;;TRUE
5753;933;Daniel Sullivan;Male;78;17;85;2;Low;92;4.4;93;TRUE
3638;934;Richard Franklin;Female;85;10;88;2;Medium;88;4.3;77;TRUE
7350;935;Samantha Klein;Male;92;22;86;2;High;88;3.1;81;TRUE
1244;936;Becky Perkins;Male;88;12;85;1;High;78;1.6;68;FALSE
2116;937;Kimberly Pena;Female;91;30;88;2;High;68;3.6;79;FALSE
8753;938;Rebecca Burnett;Female;85;10;85;3;Medium;80;1.8;68;FALSE
7701;939;Anna Martinez;Male;85;30;70;3;Medium;90;0.4;76;FALSE
;940;James Garcia;Male;91;15;90;2;High;68;4.3;68;FALSE
3592;941;Monica Johnson;Female;90;25;60;1;Low;87;1.7;79;FALSE
2787;942;Shannon Porter;Male;78;20;60;0;High;62;1.6;70;FALSE
;943;Kenneth Murray;Male;85;20;78;1;High;72;0.8;80;TRUE
4497;944;Amy Stout;Female;91;18;86;0;High;90;3.9;80;TRUE
7636;945;Joseph Sherman;Male;88;17;60;2;High;85;0.9;53;TRUE
